plot name, x, y, id
centroid0, 398.41, 350.05, 0
data point0, 448.51, 311.64, 0
data point1, 350.89, 368.17, 0
data point2, 334.51, 284.96, 0
data point3, 377.29, 334.36, 0
data point4, 376.60, 425.64, 0
data point5, 472.63, 340.42, 0
data point6, 430.54, 418.89, 0
data point7, 328.36, 311.20, 0
data point8, 350.66, 347.73, 0
data point9, 353.39, 342.33, 0
data point10, 451.24, 336.49, 0
data point11, 383.66, 350.26, 0
data point12, 357.72, 336.39, 0
data point13, 373.65, 422.47, 0
data point14, 406.87, 373.37, 0
data point15, 382.29, 323.05, 0
data point16, 430.54, 389.26, 0
data point17, 340.88, 303.67, 0
data point18, 438.27, 378.64, 0
data point19, 397.31, 419.93, 0
data point20, 372.74, 305.75, 0
data point21, 385.71, 284.50, 0
data point22, 353.62, 366.80, 0
data point23, 381.84, 279.32, 0
data point24, 415.97, 399.38, 0
data point25, 447.15, 401.14, 0
data point26, 415.06, 310.48, 0
data point27, 439.18, 377.12, 0
data point28, 358.40, 390.51, 0
data point29, 463.76, 286.69, 0
data point30, 464.67, 339.04, 0
data point31, 465.35, 342.06, 0
centroid1, 437.86, 683.85, 1
data point32, 431.22, 647.06, 1
data point33, 450.79, 660.86, 1
data point34, 440.55, 703.61, 1
data point35, 441.23, 694.04, 1
data point36, 469.67, 664.54, 1
data point37, 415.97, 681.81, 1
data point38, 416.20, 736.33, 1
data point39, 410.28, 718.88, 1
data point40, 432.81, 740.73, 1
data point41, 419.61, 694.95, 1
data point42, 447.37, 695.17, 1
data point43, 427.35, 728.55, 1
data point44, 435.09, 692.46, 1
data point45, 425.30, 673.04, 1
data point46, 401.64, 664.04, 1
data point47, 440.55, 701.96, 1
data point48, 432.58, 630.94, 1
data point49, 471.50, 627.35, 1
data point50, 452.15, 704.95, 1
data point51, 452.61, 604.82, 1
data point52, 481.05, 690.18, 1
data point53, 407.78, 621.90, 1
data point54, 441.91, 707.62, 1
data point55, 463.53, 726.52, 1
centroid2, 319.44, 76.69, 2
data point56, 371.14, 88.51, 2
data point57, 376.38, 27.92, 2
data point58, 389.58, 31.62, 2
data point59, 327.68, 40.00, 2
data point60, 343.61, 34.56, 2
data point61, 338.83, 29.90, 2
data point62, 303.33, 97.31, 2
data point63, 361.13, 39.42, 2
data point64, 378.65, 39.68, 2
data point65, 283.53, 146.34, 2
data point66, 319.26, 102.20, 2
data point67, 312.89, 101.49, 2
data point68, 239.84, 132.52, 2
data point69, 283.99, 137.89, 2
data point70, 371.37, 95.66, 2
data point71, 347.70, 48.62, 2
data point72, 244.62, 75.37, 2
data point73, 292.64, 136.71, 2
data point74, 317.21, 89.83, 2
data point75, 369.32, 119.73, 2
data point76, 337.01, 71.40, 2
data point77, 324.72, 30.67, 2
data point78, 294.23, 89.58, 2
data point79, 363.41, 105.44, 2
data point80, 350.21, 75.18, 2
data point81, 335.64, 33.18, 2
data point82, 309.70, 123.81, 2
data point83, 277.39, 95.74, 2
data point84, 285.58, 17.86, 2
data point85, 283.76, 24.81, 2
data point86, 264.65, 93.34, 2
data point87, 323.58, 106.69, 2
data point88, 336.78, 90.25, 2
data point89, 327.00, 88.91, 2
data point90, 240.07, 25.79, 2
data point91, 273.52, 73.05, 2
centroid3, 120.63, 293.60, 3
data point92, 117.19, 335.29, 3
data point93, 127.66, 249.87, 3
data point94, 129.93, 364.43, 3
data point95, 157.70, 319.31, 3
data point96, 162.93, 291.46, 3
data point97, 59.85, 302.66, 3
data point98, 179.31, 325.40, 3
data point99, 157.47, 290.14, 3
data point100, 57.57, 235.17, 3
data point101, 47.56, 289.86, 3
data point102, 105.13, 208.34, 3
data point103, 144.04, 240.56, 3
data point104, 81.46, 191.61, 3
data point105, 152.92, 369.68, 3
data point106, 147.91, 339.15, 3
data point107, 101.49, 344.68, 3
centroid4, 554.60, 563.28, 4
data point108, 535.44, 635.24, 4
data point109, 545.91, 546.11, 4
data point110, 555.24, 515.89, 4
data point111, 511.32, 603.83, 4
data point112, 698.37, 538.80, 4
data point113, 478.55, 568.00, 4
data point114, 502.67, 602.27, 4
data point115, 536.35, 518.35, 4
data point116, 551.37, 542.61, 4
data point117, 630.78, 561.69, 4
centroid5, 60.32, 914.97, 5
data point118, 63.72, 926.66, 5
data point119, 67.81, 957.58, 5
data point120, 115.37, 874.07, 5
data point121, 23.67, 888.67, 5
data point122, 108.54, 954.04, 5
data point123, 55.30, 950.89, 5
data point124, 22.53, 854.50, 5
data point125, 18.43, 908.37, 5
data point126, 19.34, 921.52, 5
data point127, 108.54, 913.38, 5
centroid6, 108.84, 772.93, 6
data point128, 71.91, 759.05, 6
data point129, 169.07, 736.32, 6
data point130, 55.98, 786.62, 6
data point131, 82.60, 701.30, 6
data point132, 150.64, 730.82, 6
data point133, 119.47, 732.96, 6
data point134, 97.62, 848.39, 6
data point135, 131.30, 712.12, 6
data point136, 116.28, 850.49, 6
data point137, 139.04, 822.67, 6
data point138, 135.85, 724.33, 6
data point139, 57.57, 806.74, 6
data point140, 98.99, 833.63, 6
data point141, 31.63, 753.05, 6
data point142, 122.20, 840.45, 6
data point143, 161.34, 727.87, 6
centroid7, 526.84, 736.04, 7
data point144, 480.14, 781.91, 7
data point145, 599.15, 709.65, 7
data point146, 482.42, 724.42, 7
data point147, 566.39, 763.89, 7
data point148, 483.10, 774.16, 7
data point149, 570.94, 749.06, 7
data point150, 544.54, 680.19, 7
data point151, 504.72, 735.17, 7
data point152, 516.32, 685.80, 7
data point153, 496.53, 725.48, 7
data point154, 519.96, 653.39, 7
data point155, 589.82, 777.11, 7
data point156, 485.83, 762.44, 7
data point157, 572.07, 755.07, 7
data point158, 490.61, 762.94, 7
centroid8, 414.61, 198.36, 8
data point159, 458.07, 246.67, 8
data point160, 401.18, 197.52, 8
data point161, 419.16, 137.12, 8
data point162, 417.79, 136.62, 8
data point163, 437.82, 200.85, 8
data point164, 439.86, 173.89, 8
data point165, 386.62, 173.09, 8
data point166, 430.76, 181.66, 8
data point167, 379.11, 211.78, 8
data point168, 333.82, 197.62, 8
data point169, 499.03, 170.25, 8
data point170, 341.79, 209.09, 8
data point171, 411.88, 187.55, 8
data point172, 358.86, 164.09, 8
data point173, 432.13, 264.59, 8
data point174, 407.32, 215.28, 8
data point175, 408.23, 179.07, 8
data point176, 357.03, 232.21, 8
data point177, 369.55, 234.13, 8
data point178, 423.94, 187.41, 8
data point179, 471.50, 214.36, 8
data point180, 337.92, 222.54, 8
data point181, 381.38, 224.29, 8
data point182, 470.81, 180.22, 8
data point183, 424.39, 224.52, 8
data point184, 371.60, 156.72, 8
data point185, 494.93, 184.29, 8
data point186, 465.12, 208.96, 8
data point187, 481.96, 167.83, 8
data point188, 424.85, 266.59, 8
centroid9, 239.15, 411.09, 9
data point189, 256.23, 462.52, 9
data point190, 194.10, 363.85, 9
data point191, 306.52, 401.00, 9
data point192, 232.11, 448.40, 9
data point193, 233.93, 345.18, 9
data point194, 283.99, 360.46, 9
data point195, 162.02, 403.00, 9
data point196, 284.22, 357.11, 9
data point197, 241.21, 514.87, 9
data point198, 183.86, 468.33, 9
data point199, 274.66, 391.69, 9
data point200, 227.33, 373.74, 9
data point201, 238.02, 435.48, 9
data point202, 330.87, 444.12, 9
data point203, 307.43, 355.39, 9
data point204, 148.59, 416.61, 9
data point205, 240.75, 424.85, 9
data point206, 321.08, 451.58, 9
data point207, 238.71, 458.83, 9
data point208, 226.65, 352.63, 9
data point209, 215.04, 397.86, 9
data point210, 239.16, 519.17, 9
data point211, 244.62, 359.58, 9
data point212, 250.99, 383.37, 9
data point213, 203.89, 430.25, 9
data point214, 173.62, 393.37, 9
data point215, 252.59, 378.66, 9
data point216, 173.85, 423.98, 9
data point217, 200.02, 393.48, 9
data point218, 288.31, 423.16, 9
centroid10, 486.34, 64.64, 10
data point219, 432.58, 108.43, 10
data point220, 527.25, 135.72, 10
data point221, 418.93, 78.64, 10
data point222, 434.40, 55.12, 10
data point223, 407.32, 13.44, 10
data point224, 555.69, 65.32, 10
data point225, 490.61, 31.60, 10
data point226, 537.94, 154.45, 10
data point227, 454.88, 35.64, 10
data point228, 500.62, 24.86, 10
data point229, 442.37, 70.10, 10
data point230, 481.74, 88.19, 10
data point231, 499.48, 82.06, 10
data point232, 501.76, 19.88, 10
data point233, 513.82, 21.38, 10
data point234, 549.32, 43.91, 10
data point235, 495.16, 137.31, 10
data point236, 529.75, 95.14, 10
data point237, 419.61, 29.60, 10
data point238, 533.62, 1.95, 10
centroid11, 275.71, 840.37, 11
data point239, 297.19, 886.86, 11
data point240, 252.59, 827.17, 11
data point241, 290.36, 851.46, 11
data point242, 253.72, 867.56, 11
data point243, 235.98, 825.15, 11
data point244, 248.49, 860.16, 11
data point245, 320.85, 858.16, 11
data point246, 297.42, 864.43, 11
data point247, 307.88, 836.29, 11
data point248, 299.01, 815.95, 11
data point249, 302.65, 814.88, 11
data point250, 298.33, 856.79, 11
data point251, 274.89, 790.54, 11
data point252, 265.33, 800.09, 11
data point253, 297.19, 794.43, 11
data point254, 208.21, 827.55, 11
data point255, 310.16, 804.31, 11
data point256, 302.19, 891.21, 11
data point257, 202.75, 845.98, 11
data point258, 307.43, 843.13, 11
data point259, 248.04, 843.13, 11
data point260, 281.26, 786.31, 11
data point261, 286.72, 889.89, 11
data point262, 259.41, 898.88, 11
data point263, 244.62, 828.86, 11
centroid12, 70.50, 500.89, 12
data point264, 102.63, 502.63, 12
data point265, 45.51, 479.31, 12
data point266, 7.28, 574.05, 12
data point267, 130.62, 478.43, 12
data point268, 92.62, 459.81, 12
data point269, 44.37, 511.12, 12
centroid13, 629.66, 86.41, 13
data point270, 567.52, 102.45, 13
data point271, 573.21, 71.30, 13
data point272, 667.88, 93.40, 13
data point273, 608.71, 174.55, 13
data point274, 623.05, 60.07, 13
data point275, 746.15, 89.58, 13
data point276, 693.36, 33.68, 13
data point277, 581.63, 113.60, 13
data point278, 639.20, 64.65, 13
data point279, 615.31, 1.12, 13
data point280, 676.75, 115.66, 13
data point281, 641.48, 105.68, 13
data point282, 570.25, 114.83, 13
data point283, 610.76, 69.19, 13
centroid14, 164.69, 607.82, 14
data point284, 151.10, 677.54, 14
data point285, 146.09, 546.11, 14
data point286, 87.15, 626.62, 14
data point287, 64.85, 662.10, 14
data point288, 123.56, 632.74, 14
data point289, 119.01, 654.41, 14
data point290, 190.46, 597.73, 14
data point291, 176.13, 517.39, 14
data point292, 164.75, 552.44, 14
data point293, 187.28, 646.49, 14
data point294, 235.98, 558.79, 14
data point295, 217.09, 530.02, 14
data point296, 201.39, 565.89, 14
data point297, 132.44, 660.54, 14
data point298, 210.03, 598.36, 14
data point299, 157.92, 593.01, 14
data point300, 180.45, 554.28, 14
data point301, 94.44, 663.87, 14
data point302, 202.07, 624.66, 14
data point303, 211.40, 559.75, 14
data point304, 147.23, 672.66, 14
data point305, 170.67, 574.42, 14
data point306, 138.58, 662.76, 14
data point307, 186.60, 644.49, 14
data point308, 152.23, 641.43, 14
data point309, 233.02, 584.86, 14
centroid15, 648.56, 386.36, 15
data point310, 641.93, 390.62, 15
data point311, 635.79, 424.53, 15
data point312, 668.56, 361.85, 15
data point313, 734.32, 325.18, 15
data point314, 618.27, 395.36, 15
data point315, 594.38, 362.32, 15
data point316, 626.69, 427.35, 15
data point317, 608.48, 436.63, 15
data point318, 708.61, 353.39, 15
centroid16, 559.70, 280.83, 16
data point319, 509.95, 334.31, 16
data point320, 574.81, 221.11, 16
data point321, 568.66, 260.85, 16
data point322, 599.38, 308.22, 16
data point323, 585.50, 298.63, 16
data point324, 525.43, 319.69, 16
data point325, 597.11, 268.41, 16
data point326, 468.08, 277.09, 16
data point327, 520.65, 342.74, 16
data point328, 654.45, 256.55, 16
data point329, 545.68, 241.96, 16
data point330, 548.41, 231.12, 16
data point331, 496.75, 258.96, 16
data point332, 527.25, 280.17, 16
data point333, 598.93, 277.08, 16
data point334, 602.79, 244.11, 16
data point335, 547.95, 301.67, 16
data point336, 643.75, 266.37, 16
data point337, 518.83, 346.76, 16
centroid17, 507.61, 459.85, 17
data point338, 543.63, 430.98, 17
data point339, 522.24, 475.47, 17
data point340, 559.79, 450.29, 17
data point341, 439.41, 528.68, 17
data point342, 556.15, 414.44, 17
data point343, 479.91, 443.49, 17
data point344, 520.87, 406.24, 17
data point345, 461.48, 503.27, 17
data point346, 551.37, 483.88, 17
data point347, 535.67, 493.52, 17
data point348, 491.29, 423.32, 17
data point349, 534.30, 495.66, 17
data point350, 535.44, 488.83, 17
data point351, 459.43, 432.30, 17
data point352, 505.17, 407.50, 17
data point353, 499.26, 501.93, 17
data point354, 510.18, 493.68, 17
data point355, 516.55, 463.70, 17
data point356, 506.08, 379.20, 17
data point357, 466.03, 478.63, 17
data point358, 465.58, 461.89, 17
centroid18, 187.56, 925.64, 18
data point359, 168.16, 950.62, 18
data point360, 203.66, 928.82, 18
data point361, 172.03, 947.92, 18
data point362, 197.75, 895.87, 18
data point363, 171.35, 1008.17, 18
data point364, 167.48, 943.73, 18
data point365, 183.86, 890.34, 18
data point366, 180.45, 867.01, 18
data point367, 138.13, 908.08, 18
data point368, 211.40, 880.62, 18
data point369, 179.31, 872.34, 18
data point370, 201.16, 938.49, 18
data point371, 257.82, 933.59, 18
data point372, 164.75, 930.30, 18
data point373, 185.00, 984.62, 18
data point374, 186.14, 1007.76, 18
data point375, 213.67, 885.76, 18
data point376, 193.88, 864.87, 18
data point377, 142.22, 865.71, 18
data point378, 233.02, 1008.28, 18
centroid19, 667.72, 980.31, 19
data point379, 661.28, 992.48, 19
data point380, 715.21, 1011.05, 19
data point381, 731.59, 1002.76, 19
data point382, 659.91, 943.10, 19
data point383, 716.34, 946.02, 19
data point384, 617.36, 981.87, 19
data point385, 642.84, 955.90, 19
data point386, 626.69, 975.42, 19
data point387, 638.29, 1014.23, 19
centroid20, 380.72, 815.57, 20
data point388, 406.19, 771.86, 20
data point389, 366.14, 799.96, 20
data point390, 369.10, 823.30, 20
data point391, 383.89, 854.49, 20
data point392, 328.82, 813.83, 20
data point393, 338.38, 828.27, 20
data point394, 329.50, 784.19, 20
data point395, 445.33, 805.13, 20
data point396, 380.02, 777.64, 20
data point397, 355.90, 870.92, 20
data point398, 397.77, 823.52, 20
data point399, 369.10, 815.32, 20
data point400, 402.77, 780.97, 20
data point401, 337.69, 842.30, 20
data point402, 349.30, 816.00, 20
data point403, 449.19, 781.63, 20
data point404, 416.88, 769.10, 20
data point405, 422.80, 837.21, 20
data point406, 354.08, 828.05, 20
data point407, 423.94, 835.87, 20
data point408, 360.68, 810.57, 20
data point409, 378.42, 780.68, 20
data point410, 420.07, 888.08, 20
data point411, 339.51, 839.88, 20
data point412, 418.93, 846.00, 20
data point413, 354.30, 780.10, 20
centroid21, 257.39, 234.98, 21
data point414, 320.63, 231.60, 21
data point415, 270.79, 240.61, 21
data point416, 243.03, 280.13, 21
data point417, 212.99, 217.45, 21
data point418, 216.63, 231.08, 21
data point419, 272.16, 189.38, 21
data point420, 268.52, 307.18, 21
data point421, 245.76, 287.51, 21
data point422, 281.49, 284.12, 21
data point423, 313.80, 257.80, 21
data point424, 260.10, 184.35, 21
data point425, 263.51, 272.02, 21
data point426, 309.25, 293.78, 21
data point427, 317.90, 177.64, 21
data point428, 265.10, 256.24, 21
data point429, 271.02, 218.03, 21
data point430, 251.68, 251.05, 21
data point431, 298.10, 241.22, 21
data point432, 234.84, 161.21, 21
data point433, 312.89, 203.11, 21
data point434, 202.07, 161.60, 21
data point435, 282.62, 267.63, 21
data point436, 204.80, 200.26, 21
data point437, 217.32, 191.38, 21
data point438, 255.54, 305.67, 21
data point439, 268.52, 283.87, 21
data point440, 282.85, 205.63, 21
data point441, 186.82, 184.90, 21
data point442, 221.18, 160.44, 21
data point443, 235.29, 287.70, 21
data point444, 305.15, 279.49, 21
data point445, 216.86, 260.13, 21
data point446, 243.26, 219.03, 21
data point447, 198.66, 196.07, 21
centroid22, 532.59, 847.15, 22
data point448, 546.59, 845.93, 22
data point449, 576.40, 833.39, 22
data point450, 601.88, 843.10, 22
data point451, 521.33, 858.06, 22
data point452, 568.89, 909.69, 22
data point453, 603.93, 820.90, 22
data point454, 587.32, 903.99, 22
data point455, 546.13, 879.73, 22
data point456, 475.14, 796.55, 22
data point457, 474.23, 815.91, 22
data point458, 458.75, 875.39, 22
data point459, 491.06, 821.78, 22
data point460, 484.24, 865.44, 22
data point461, 557.06, 791.66, 22
data point462, 495.84, 845.75, 22
centroid23, 683.53, 767.02, 23
data point463, 717.48, 778.78, 23
data point464, 690.86, 860.82, 23
data point465, 661.50, 745.61, 23
data point466, 657.18, 786.31, 23
data point467, 690.63, 663.57, 23
centroid24, 345.09, 715.27, 24
data point468, 396.63, 750.66, 24
data point469, 377.97, 681.02, 24
data point470, 317.21, 689.70, 24
data point471, 397.31, 732.38, 24
data point472, 347.48, 660.12, 24
data point473, 330.64, 768.69, 24
data point474, 357.26, 730.68, 24
data point475, 306.74, 656.46, 24
data point476, 303.33, 719.13, 24
data point477, 363.86, 727.45, 24
data point478, 315.85, 778.41, 24
data point479, 334.96, 757.60, 24
data point480, 326.77, 746.97, 24
data point481, 342.93, 674.08, 24
data point482, 367.96, 740.37, 24
data point483, 341.33, 688.51, 24
data point484, 391.62, 709.88, 24
data point485, 354.76, 734.73, 24
data point486, 321.31, 681.42, 24
data point487, 344.97, 728.36, 24
data point488, 296.05, 674.94, 24
data point489, 319.72, 695.33, 24
data point490, 386.62, 742.73, 24
data point491, 338.83, 696.97, 24
centroid25, 333.85, 958.59, 25
data point492, 394.35, 905.33, 25
data point493, 376.38, 895.67, 25
data point494, 277.85, 1008.94, 25
data point495, 348.16, 925.65, 25
data point496, 373.65, 1002.40, 25
data point497, 379.56, 970.55, 25
data point498, 351.57, 988.68, 25
data point499, 322.22, 923.10, 25
data point500, 295.82, 952.21, 25
data point501, 317.90, 991.77, 25
data point502, 345.20, 1015.00, 25
data point503, 401.41, 929.57, 25
data point504, 302.19, 988.40, 25
data point505, 323.81, 924.18, 25
data point506, 395.49, 1016.45, 25
data point507, 275.11, 999.64, 25
data point508, 283.31, 919.08, 25
data point509, 309.25, 977.04, 25
data point510, 364.32, 923.73, 25
data point511, 265.78, 1013.70, 25
data point512, 398.45, 926.70, 25
data point513, 306.29, 929.92, 25
data point514, 259.64, 954.59, 25
data point515, 278.76, 947.92, 25
data point516, 306.74, 975.76, 25
data point517, 369.55, 989.33, 25
data point518, 399.82, 915.46, 25
data point519, 385.02, 957.47, 25
data point520, 269.43, 930.30, 25
data point521, 313.80, 995.85, 25
data point522, 358.40, 921.79, 25
centroid26, 337.98, 573.72, 26
data point523, 407.10, 531.49, 26
data point524, 409.60, 553.75, 26
data point525, 347.48, 587.67, 26
data point526, 252.13, 584.99, 26
data point527, 325.63, 495.98, 26
data point528, 392.76, 621.55, 26
data point529, 311.98, 610.79, 26
data point530, 314.71, 603.03, 26
data point531, 326.77, 633.87, 26
data point532, 367.05, 618.43, 26
data point533, 378.88, 619.25, 26
data point534, 285.13, 570.42, 26
data point535, 321.99, 535.71, 26
data point536, 337.01, 640.79, 26
data point537, 324.27, 547.67, 26
data point538, 394.35, 532.37, 26
data point539, 329.96, 596.09, 26
data point540, 278.98, 536.01, 26
data point541, 389.35, 604.85, 26
data point542, 324.72, 476.07, 26
data point543, 390.03, 479.72, 26
data point544, 380.02, 573.31, 26
data point545, 324.04, 629.27, 26
data point546, 331.09, 580.32, 26
data point547, 258.96, 624.51, 26
data point548, 298.33, 568.34, 26
data point549, 323.13, 534.23, 26
centroid27, 148.74, 69.29, 27
data point550, 64.17, 81.81, 27
data point551, 171.58, 9.88, 27
data point552, 163.61, 94.41, 27
data point553, 225.28, 46.46, 27
data point554, 123.56, 101.28, 27
data point555, 220.05, 30.88, 27
data point556, 105.59, 60.34, 27
data point557, 150.64, 30.50, 27
data point558, 156.56, 144.90, 27
data point559, 94.21, 63.50, 27
data point560, 200.25, 8.16, 27
data point561, 148.82, 75.79, 27
data point562, 133.12, 65.22, 27
data point563, -21.39, 152.91, 27
data point564, 216.41, 119.60, 27
data point565, 144.95, 69.05, 27
data point566, 231.20, 23.21, 27
centroid28, 242.90, 740.66, 28
data point567, 200.70, 765.37, 28
data point568, 176.81, 734.41, 28
data point569, 260.32, 766.80, 28
data point570, 214.13, 730.99, 28
data point571, 300.37, 773.42, 28
data point572, 257.14, 734.30, 28
data point573, 263.05, 753.63, 28
data point574, 242.35, 658.76, 28
data point575, 247.81, 722.38, 28
data point576, 201.39, 692.26, 28
data point577, 289.45, 741.28, 28
data point578, 283.99, 757.16, 28
data point579, 291.95, 764.28, 28
data point580, 211.63, 741.83, 28
data point581, 170.21, 705.98, 28
data point582, 273.75, 767.61, 28
data point583, 244.17, 780.82, 28
centroid29, 488.08, 949.72, 29
data point584, 468.08, 974.67, 29
data point585, 529.52, 941.29, 29
data point586, 548.18, 918.43, 29
data point587, 486.97, 900.10, 29
data point588, 483.10, 981.97, 29
data point589, 560.24, 986.21, 29
data point590, 425.53, 930.91, 29
data point591, 483.33, 933.26, 29
data point592, 496.30, 911.69, 29
data point593, 494.02, 961.21, 29
data point594, 478.55, 904.71, 29
data point595, 534.07, 954.90, 29
data point596, 418.25, 1018.83, 29
data point597, 474.00, 891.92, 29
data point598, 451.70, 984.30, 29
data point599, 477.41, 1001.09, 29

